"Time","{__name__=""edge_generation_speed_tokens_per_sec"", device_id=""edge-default"", instance=""api:8000"", job=""edge-api"", model_name=""model-f16""}"
2026-10-09 18:33:45,3.63
2026-10-09 18:34:00,3.63
2026-10-09 18:34:15,3.63
2026-10-09 18:34:30,3.63
2026-10-09 18:34:45,3.63
2026-10-09 18:35:00,3.63
2026-10-09 18:35:15,3.63
2026-10-09 18:35:30,3.63
2026-10-09 18:35:45,3.63
2026-10-09 18:36:00,3.63
2026-10-09 18:36:15,3.63
2026-10-09 18:36:30,3.63
2026-10-09 18:36:45,3.63
2026-10-09 18:37:00,3.63
2026-10-09 18:37:15,3.63
2026-10-09 18:37:30,3.63
2026-10-09 18:37:45,3.63
2026-10-09 18:38:00,3.63
2026-10-09 18:38:15,3.63
2026-10-09 18:38:30,3.63
2026-10-09 18:38:45,3.63
2026-10-09 18:39:00,3.63
2026-10-09 18:39:15,3.63
2026-10-09 18:39:30,3.63
2026-10-09 18:39:45,3.63
2026-10-09 18:40:00,3.63
2026-10-09 18:40:15,3.63
2026-10-09 18:40:30,3.63
2026-10-09 18:40:45,3.63
2026-10-09 18:41:00,3.63
2026-10-09 18:41:15,3.63
2026-10-09 18:41:30,3.63
2026-10-09 18:41:45,3.63
2026-10-09 18:42:00,3.63
2026-10-09 18:42:15,3.19
2026-10-09 18:42:30,3.19
2026-10-09 18:42:45,3.19
2026-10-09 18:43:00,3.19
2026-10-09 18:43:15,3.19
2026-10-09 18:43:30,3.19
2026-10-09 18:43:45,3.19
2026-10-09 18:44:00,3.19
2026-10-09 18:44:15,3.19
2026-10-09 18:44:30,3.19
2026-10-09 18:44:45,3.19
2026-10-09 18:45:00,3.19
2026-10-09 18:45:15,3.19
2026-10-09 18:45:30,3.19
2026-10-09 18:45:45,3.19
2026-10-09 18:46:00,3.19
2026-10-09 18:46:15,3.19
2026-10-09 18:46:30,3.19
2026-10-09 18:46:45,3.19
2026-10-09 18:47:00,3.19
2026-10-09 18:47:15,3.19
2026-10-09 18:47:30,3.19
2026-10-09 18:47:45,3.19
2026-10-09 18:48:00,3.19
2026-10-09 18:48:15,3.19
2026-10-09 18:48:30,3.19
2026-10-09 18:48:45,3.19
2026-10-09 18:49:00,3.19
2026-10-09 18:49:15,3.19
2026-10-09 18:49:30,3.19
2026-10-09 18:49:45,3.19
2026-10-09 18:50:00,3.19
2026-10-09 18:50:15,3.19
2026-10-09 18:50:30,3.19
2026-10-09 18:50:45,3.19
2026-10-09 18:51:00,3.19
2026-10-09 18:51:15,3.19
2026-10-09 18:51:30,3.19
2026-10-09 18:51:45,3.19
2026-10-09 18:52:00,3.19
2026-10-09 18:52:15,3.19
2026-10-09 18:52:30,3.19
2026-10-09 18:52:45,3.19
2026-10-09 18:53:00,3.19
2026-10-09 18:53:15,3.19
2026-10-09 18:53:30,3.19
2026-10-09 18:53:45,3.19
2026-10-09 18:54:00,3.19
2026-10-09 18:54:15,3.19
2026-10-09 18:54:30,3.19
2026-10-09 18:54:45,2.73
2026-10-09 18:55:00,2.73
2026-10-09 18:55:15,2.73
2026-10-09 18:55:30,2.73
2026-10-09 18:55:45,2.73
2026-10-09 18:56:00,2.73
2026-10-09 18:56:15,2.73
2026-10-09 18:56:30,2.73
2026-10-09 18:56:45,2.73
2026-10-09 18:57:00,2.73
2026-10-09 18:57:15,2.73
2026-10-09 18:57:30,2.73
2026-10-09 18:57:45,2.73
2026-10-09 18:58:00,2.73
2026-10-09 18:58:15,2.73
2026-10-09 18:58:30,2.73
2026-10-09 18:58:45,3.27
2026-10-09 18:59:00,3.27
2026-10-09 18:59:15,3.27
2026-10-09 18:59:30,3.27
2026-10-09 18:59:45,3.27
2026-10-09 19:00:00,3.27
2026-10-09 19:00:15,3.83
2026-10-09 19:00:30,3.83
2026-10-09 19:00:45,3.83
2026-10-09 19:01:00,3.83
2026-10-09 19:01:15,3.83
2026-10-09 19:01:30,3.83
2026-10-09 19:01:45,3.83
2026-10-09 19:02:00,3.83
2026-10-09 19:02:15,3.83
2026-10-09 19:02:30,3.83
2026-10-09 19:02:45,3.83
2026-10-09 19:03:00,3.83
2026-10-09 19:03:15,3.83
2026-10-09 19:03:30,3.83
2026-10-09 19:03:45,3.83